variable,Obs.,AM2.5C360
TC,2.9838709677419355,4.45508982035928
HU,4.2857142857142865,5.109999999999999
MH,9.5,33.49999999999999
