variable,Obs.,HiRAM
N_TC,1.9347826086956523,1.1626297577854672
p,0.39092388441024806,0.3075639206691323
