variable,Obs.,HiRAM
N_TC,2.9838709677419355,2.1215733015494633
p,1.2592864968080142,1.0529712041424928
